Workbook

Sheet TABLOU DE BORD
A1: ◆ WASTE POWERTECH — TABLOU DE BORD OPERAȚIONAL
A2: Data raportului: 11 May 2026 | FLUX: LASER → ROLAT → SUDAT → ASAMBLAT → VOPSIT | J2: Ședință operațională zilnică | durata: 15–20 min | ora: 08:00
A4: TOTAL SUBANSAMBLURI | E4: FINALIZATE | I4: ÎN LUCRU | M4: BLOCATE 🔴
A5: =COUNTA(SUBANSAMBLURI!A4:A1000) | E5: =COUNTIF(SUBANSAMBLURI!E4:E1000,"*FINALIZAT*") | I5: =COUNTIF(SUBANSAMBLURI!E4:E1000,"*IN LUCRU*") | M5: =COUNTIF(SUBANSAMBLURI!G4:G1000,"DA")
A9: % GLOBAL FINALIZAT | E9: PROIECTE ACTIVE | I9: SUBANSAMBLURI BLOCATE | M9: ÎNTÂRZIATE
A10: =IFERROR(COUNTIF(SUBANSAMBLURI!E4:E1000,"*FINALIZAT*")/COUNTA(SUBANSAMBLURI!A4:A1000),0) | E10: =3 | I10: =COUNTIF(SUBANSAMBLURI!G4:G1000,"DA") | M10: =COUNTIF(SUBANSAMBLURI!H4:H1000,"DA")
A13: ◆ PROGRES PROIECTE | 🔵 "ÎN COADĂ" = subansamblu amânat prin planificare (constraint resurse) — albastru în SUBANSAMBLURI
A14: PROIECT | B14: CLIENT | C14: RESPONSABIL | D14: PRIORITATE | E14: LASER | F14: ROLAT | G14: SUDAT | H14: ASAMBLAT | I14: VOPSIT | J14: PROGRES GLOBAL | K14: STATUS | L14: BLOCAJE
A15: WP1000-08 | B15: Client Alpha | C15: Ion Popescu | D15: 🟢 NORMAL | E15: 19/19 (100%) | F15: 7/7 (100%) | G15: 19/19 (100%) | H15: 19/19 (100%) | I15: 18/18 (100%) | J15: 1 | K15: ✅ FINALIZAT | L15: -
A16: WP1000-09 | B16: Client Beta | C16: Maria Ionescu | D16: 🟡 RIDICAT | E16: 19/19 (100%) | F16: 7/7 (100%) | G16: 19/19 (100%) | H16: 18/19 (95%) | I16: 17/18 (94%) | J16: 0.97560976 | K16: 🟡 IN LIVRARE | L16: -
A17: WP1000-10 | B17: Client Gamma | C17: Andrei Marin | D17: 🔴 CRITIC | E17: 19/19 (100%) | F17: 7/7 (100%) | G17: 18/19 (95%) | H17: 15/19 (79%) | I17: 8/18 (44%) | J17: 0.81707317 | K17: ⛔ BLOCAJE ACTIVE | L17: 3
A19: ◆ HEATMAP BLOCAJE PE DEPARTAMENT × PROIECT
A20: DEPARTAMENT | B20: WP1000-08 | C20: WP1000-09 | D20: WP1000-10 | E20: TOTAL BLOCAJE | F20: SUBANSAMBLURI ACTIVE
A21: LASER | B21: ✅ 19/19 | C21: ✅ 19/19 | D21: ✅ 19/19 | E21: – | F21: –
A22: ROLAT | B22: ✅ 7/7 | C22: ✅ 7/7 | D22: ✅ 7/7 | E22: – | F22: –
A23: SUDAT | B23: ✅ 19/19 | C23: ✅ 19/19 | D23: ⛔ 1 | E23: 1 | F23: –
A24: ASAMBLAT | B24: ✅ 19/19 | C24: 🔄 1 | D24: ⛔ 2 | E24: 2 | F24: 2
A25: VOPSIT | B25: ✅ 18/18 | C25: ✅ 17/18 | D25: 🔄 7 | E25: – | F25: 7
A27: ◆ BLOCAJE ACTIVE — necesită acțiune imediată
A28: ID | B28: DATA | C28: PROIECT | D28: SUBANSAMBLU | E28: DEPARTAMENT | F28: DESCRIERE | G28: OWNER | H28: IMPACT
A29: BLK-001 | B29: 45775 | C29: WP1000-10 | D29: Ventori scrubber | E29: SUDAT | F29: Discutie tehnica: configuratie neconfirmata cu proiectantul | G29: Andrei Marin | H29: INALT
A30: BLK-002 | B30: 45777 | C30: WP1000-10 | D30: Rezervor metalic (racitor) | E30: ASAMBLAT | F30: Lipsa componente de aprovizionat – fitinguri speciale | G30: Ion Popescu | H30: CRITIC
A31: BLK-003 | B31: 45779 | C31: WP1000-10 | D31: Sistem de tevi | E31: ASAMBLAT | F31: Lipsa teava pompa de vid – comanda in curs | G31: Maria Ionescu | H31: MEDIU

Sheet SUBANSAMBLURI
A1: WASTE POWERTECH — TRACKING SUBANSAMBLURI | FLUX: LASER → ROLAT → SUDAT → ASAMBLAT → VOPSIT
A2: IDENTIFICARE | E2: STATUS GLOBAL | I2: ◆ LASER | M2: ◆ ROLAT | Q2: ◆ SUDAT | U2: ◆ ASAMBLAT | Y2: ◆ VOPSIT
A3: PROIECT | B3: NR | C3: SUBANSAMBLU | D3: PRIO | E3: STATUS GLOBAL | F3: PROGRES | G3: BLOCAT? | H3: INTARZIAT? | I3: STATUS | J3: RESPONSABIL | K3: DATA PLAN | L3: COMENTARII | M3: STATUS | N3: RESPONSABIL | O3: DATA PLAN | P3: COMENTARII | Q3: STATUS | R3: RESPONSABIL | S3: DATA PLAN | T3: COMENTARII | U3: STATUS | V3: RESPONSABIL | W3: DATA PLAN | X3: COMENTARII | Y3: STATUS | Z3: RESPONSABIL | AA3: DATA PLAN | AB3: COMENTARII | AC3: CONDIȚIONAT DE
A4: WP1000-08 | B4: 1 | C4: Structura metalica | D4: 🟢 | E4: =IF(G4="DA","⛔ BLOCAT",IF(H4="DA","⚠ INTARZIAT",IF(COUNTIF(I4,"În coadă")+COUNTIF(M4,"În coadă")+COUNTIF(Q4,"În coadă")+COUNTIF(U4,"În coadă")+COUNTIF(Y4,"În coadă")>0,"🔵 ÎN COADĂ",IF(F4=1,"✅ FINALIZAT",IF(F4>0,"🔄 IN LUCRU","○ NEINCEPUT"))))) | F4: =IFERROR((COUNTIF(I4,"Finalizat")+COUNTIF(M4,"Finalizat")+COUNTIF(Q4,"Finalizat")+COUNTIF(U4,"Finalizat")+COUNTIF(Y4,"Finalizat"))/(5-COUNTIF(I4,"N/A")-COUNTIF(M4,"N/A")-COUNTIF(Q4,"N/A")-COUNTIF(U4,"N/A")-COUNTIF(Y4,"N/A")),0) | G4: =IF(COUNTIF(I4,"Blocat")+COUNTIF(M4,"Blocat")+COUNTIF(Q4,"Blocat")+COUNTIF(U4,"Blocat")+COUNTIF(Y4,"Blocat")>0,"DA","") | H4: =IF(COUNTIF(I4,"Întârziat")+COUNTIF(M4,"Întârziat")+COUNTIF(Q4,"Întârziat")+COUNTIF(U4,"Întârziat")+COUNTIF(Y4,"Întârziat")>0,"DA","") | I4: Finalizat | M4: N/A | Q4: Finalizat | U4: Finalizat | Y4: Finalizat | AB4: OK
A5: WP1000-08 | B5: 2 | C5: Scara metalica | D5: 🟢 | E5: =IF(G5="DA","⛔ BLOCAT",IF(H5="DA","⚠ INTARZIAT",IF(COUNTIF(I5,"În coadă")+COUNTIF(M5,"În coadă")+COUNTIF(Q5,"În coadă")+COUNTIF(U5,"În coadă")+COUNTIF(Y5,"În coadă")>0,"🔵 ÎN COADĂ",IF(F5=1,"✅ FINALIZAT",IF(F5>0,"🔄 IN LUCRU","○ NEINCEPUT"))))) | F5: =IFERROR((COUNTIF(I5,"Finalizat")+COUNTIF(M5,"Finalizat")+COUNTIF(Q5,"Finalizat")+COUNTIF(U5,"Finalizat")+COUNTIF(Y5,"Finalizat"))/(5-COUNTIF(I5,"N/A")-COUNTIF(M5,"N/A")-COUNTIF(Q5,"N/A")-COUNTIF(U5,"N/A")-COUNTIF(Y5,"N/A")),0) | G5: =IF(COUNTIF(I5,"Blocat")+COUNTIF(M5,"Blocat")+COUNTIF(Q5,"Blocat")+COUNTIF(U5,"Blocat")+COUNTIF(Y5,"Blocat")>0,"DA","") | H5: =IF(COUNTIF(I5,"Întârziat")+COUNTIF(M5,"Întârziat")+COUNTIF(Q5,"Întârziat")+COUNTIF(U5,"Întârziat")+COUNTIF(Y5,"Întârziat")>0,"DA","") | I5: Finalizat | M5: N/A | Q5: Finalizat | U5: Finalizat | Y5: Finalizat | AB5: OK
A6: WP1000-08 | B6: 3 | C6: Compactor iesire | D6: 🟢 | E6: =IF(G6="DA","⛔ BLOCAT",IF(H6="DA","⚠ INTARZIAT",IF(COUNTIF(I6,"În coadă")+COUNTIF(M6,"În coadă")+COUNTIF(Q6,"În coadă")+COUNTIF(U6,"În coadă")+COUNTIF(Y6,"În coadă")>0,"🔵 ÎN COADĂ",IF(F6=1,"✅ FINALIZAT",IF(F6>0,"🔄 IN LUCRU","○ NEINCEPUT"))))) | F6: =IFERROR((COUNTIF(I6,"Finalizat")+COUNTIF(M6,"Finalizat")+COUNTIF(Q6,"Finalizat")+COUNTIF(U6,"Finalizat")+COUNTIF(Y6,"Finalizat"))/(5-COUNTIF(I6,"N/A")-COUNTIF(M6,"N/A")-COUNTIF(Q6,"N/A")-COUNTIF(U6,"N/A")-COUNTIF(Y6,"N/A")),0) | G6: =IF(COUNTIF(I6,"Blocat")+COUNTIF(M6,"Blocat")+COUNTIF(Q6,"Blocat")+COUNTIF(U6,"Blocat")+COUNTIF(Y6,"Blocat")>0,"DA","") | H6: =IF(COUNTIF(I6,"Întârziat")+COUNTIF(M6,"Întârziat")+COUNTIF(Q6,"Întârziat")+COUNTIF(U6,"Întârziat")+COUNTIF(Y6,"Întârziat")>0,"DA","") | I6: Finalizat | M6: Finalizat | Q6: Finalizat | U6: Finalizat | Y6: Finalizat | AB6: OK
A7: WP1000-08 | B7: 4 | C7: Compactor intrare | D7: 🟢 | E7: =IF(G7="DA","⛔ BLOCAT",IF(H7="DA","⚠ INTARZIAT",IF(COUNTIF(I7,"În coadă")+COUNTIF(M7,"În coadă")+COUNTIF(Q7,"În coadă")+COUNTIF(U7,"În coadă")+COUNTIF(Y7,"În coadă")>0,"🔵 ÎN COADĂ",IF(F7=1,"✅ FINALIZAT",IF(F7>0,"🔄 IN LUCRU","○ NEINCEPUT"))))) | F7: =IFERROR((COUNTIF(I7,"Finalizat")+COUNTIF(M7,"Finalizat")+COUNTIF(Q7,"Finalizat")+COUNTIF(U7,"Finalizat")+COUNTIF(Y7,"Finalizat"))/(5-COUNTIF(I7,"N/A")-COUNTIF(M7,"N/A")-COUNTIF(Q7,"N/A")-COUNTIF(U7,"N/A")-COUNTIF(Y7,"N/A")),0) | G7: =IF(COUNTIF(I7,"Blocat")+COUNTIF(M7,"Blocat")+COUNTIF(Q7,"Blocat")+COUNTIF(U7,"Blocat")+COUNTIF(Y7,"Blocat")>0,"DA","") | H7: =IF(COUNTIF(I7,"Întârziat")+COUNTIF(M7,"Întârziat")+COUNTIF(Q7,"Întârziat")+COUNTIF(U7,"Întârziat")+COUNTIF(Y7,"Întârziat")>0,"DA","") | I7: Finalizat | M7: Finalizat | Q7: Finalizat | U7: Finalizat | Y7: Finalizat | AB7: OK
A8: WP1000-08 | B8: 5 | C8: Reactor superior | D8: 🟢 | E8: =IF(G8="DA","⛔ BLOCAT",IF(H8="DA","⚠ INTARZIAT",IF(COUNTIF(I8,"În coadă")+COUNTIF(M8,"În coadă")+COUNTIF(Q8,"În coadă")+COUNTIF(U8,"În coadă")+COUNTIF(Y8,"În coadă")>0,"🔵 ÎN COADĂ",IF(F8=1,"✅ FINALIZAT",IF(F8>0,"🔄 IN LUCRU","○ NEINCEPUT"))))) | F8: =IFERROR((COUNTIF(I8,"Finalizat")+COUNTIF(M8,"Finalizat")+COUNTIF(Q8,"Finalizat")+COUNTIF(U8,"Finalizat")+COUNTIF(Y8,"Finalizat"))/(5-COUNTIF(I8,"N/A")-COUNTIF(M8,"N/A")-COUNTIF(Q8,"N/A")-COUNTIF(U8,"N/A")-COUNTIF(Y8,"N/A")),0) | G8: =IF(COUNTIF(I8,"Blocat")+COUNTIF(M8,"Blocat")+COUNTIF(Q8,"Blocat")+COUNTIF(U8,"Blocat")+COUNTIF(Y8,"Blocat")>0,"DA","") | H8: =IF(COUNTIF(I8,"Întârziat")+COUNTIF(M8,"Întârziat")+COUNTIF(Q8,"Întârziat")+COUNTIF(U8,"Întârziat")+COUNTIF(Y8,"Întârziat")>0,"DA","") | I8: Finalizat | M8: Finalizat | Q8: Finalizat | U8: Finalizat | Y8: Finalizat | AB8: OK
A9: WP1000-08 | B9: 6 | C9: Reactor inferior | D9: 🟢 | E9: =IF(G9="DA","⛔ BLOCAT",IF(H9="DA","⚠ INTARZIAT",IF(COUNTIF(I9,"În coadă")+COUNTIF(M9,"În coadă")+COUNTIF(Q9,"În coadă")+COUNTIF(U9,"În coadă")+COUNTIF(Y9,"În coadă")>0,"🔵 ÎN COADĂ",IF(F9=1,"✅ FINALIZAT",IF(F9>0,"🔄 IN LUCRU","○ NEINCEPUT"))))) | F9: =IFERROR((COUNTIF(I9,"Finalizat")+COUNTIF(M9,"Finalizat")+COUNTIF(Q9,"Finalizat")+COUNTIF(U9,"Finalizat")+COUNTIF(Y9,"Finalizat"))/(5-COUNTIF(I9,"N/A")-COUNTIF(M9,"N/A")-COUNTIF(Q9,"N/A")-COUNTIF(U9,"N/A")-COUNTIF(Y9,"N/A")),0) | G9: =IF(COUNTIF(I9,"Blocat")+COUNTIF(M9,"Blocat")+COUNTIF(Q9,"Blocat")+COUNTIF(U9,"Blocat")+COUNTIF(Y9,"Blocat")>0,"DA","") | H9: =IF(COUNTIF(I9,"Întârziat")+COUNTIF(M9,"Întârziat")+COUNTIF(Q9,"Întârziat")+COUNTIF(U9,"Întârziat")+COUNTIF(Y9,"Întârziat")>0,"DA","") | I9: Finalizat | M9: Finalizat | Q9: Finalizat | U9: Finalizat | Y9: Finalizat | AB9: OK
A10: WP1000-08 | B10: 7 | C10: Suport reactor inferior | D10: 🟢 | E10: =IF(G10="DA","⛔ BLOCAT",IF(H10="DA","⚠ INTARZIAT",IF(COUNTIF(I10,"În coadă")+COUNTIF(M10,"În coadă")+COUNTIF(Q10,"În coadă")+COUNTIF(U10,"În coadă")+COUNTIF(Y10,"În coadă")>0,"🔵 ÎN COADĂ",IF(F10=1,"✅ FINALIZAT",IF(F10>0,"🔄 IN LUCRU","○ NEINCEPUT"))))) | F10: =IFERROR((COUNTIF(I10,"Finalizat")+COUNTIF(M10,"Finalizat")+COUNTIF(Q10,"Finalizat")+COUNTIF(U10,"Finalizat")+COUNTIF(Y10,"Finalizat"))/(5-COUNTIF(I10,"N/A")-COUNTIF(M10,"N/A")-COUNTIF(Q10,"N/A")-COUNTIF(U10,"N/A")-COUNTIF(Y10,"N/A")),0) | G10: =IF(COUNTIF(I10,"Blocat")+COUNTIF(M10,"Blocat")+COUNTIF(Q10,"Blocat")+COUNTIF(U10,"Blocat")+COUNTIF(Y10,"Blocat")>0,"DA","") | H10: =IF(COUNTIF(I10,"Întârziat")+COUNTIF(M10,"Întârziat")+COUNTIF(Q10,"Întârziat")+COUNTIF(U10,"Întârziat")+COUNTIF(Y10,"Întârziat")>0,"DA","") | I10: Finalizat | M10: N/A | Q10: Finalizat | U10: Finalizat | Y10: Finalizat | AB10: OK
A11: WP1000-08 | B11: 8 | C11: Filtru Gudroane | D11: 🟢 | E11: =IF(G11="DA","⛔ BLOCAT",IF(H11="DA","⚠ INTARZIAT",IF(COUNTIF(I11,"În coadă")+COUNTIF(M11,"În coadă")+COUNTIF(Q11,"În coadă")+COUNTIF(U11,"În coadă")+COUNTIF(Y11,"În coadă")>0,"🔵 ÎN COADĂ",IF(F11=1,"✅ FINALIZAT",IF(F11>0,"🔄 IN LUCRU","○ NEINCEPUT"))))) | F11: =IFERROR((COUNTIF(I11,"Finalizat")+COUNTIF(M11,"Finalizat")+COUNTIF(Q11,"Finalizat")+COUNTIF(U11,"Finalizat")+COUNTIF(Y11,"Finalizat"))/(5-COUNTIF(I11,"N/A")-COUNTIF(M11,"N/A")-COUNTIF(Q11,"N/A")-COUNTIF(U11,"N/A")-COUNTIF(Y11,"N/A")),0) | G11: =IF(COUNTIF(I11,"Blocat")+COUNTIF(M11,"Blocat")+COUNTIF(Q11,"Blocat")+COUNTIF(U11,"Blocat")+COUNTIF(Y11,"Blocat")>0,"DA","") | H11: =IF(COUNTIF(I11,"Întârziat")+COUNTIF(M11,"Întârziat")+COUNTIF(Q11,"Întârziat")+COUNTIF(U11,"Întârziat")+COUNTIF(Y11,"Întârziat")>0,"DA","") | I11: Finalizat | M11: Finalizat | Q11: Finalizat | U11: Finalizat | Y11: Finalizat | AB11: OK
A12: WP1000-08 | B12: 9 | C12: Ventori scrubber | D12: 🟢 | E12: =IF(G12="DA","⛔ BLOCAT",IF(H12="DA","⚠ INTARZIAT",IF(COUNTIF(I12,"În coadă")+COUNTIF(M12,"În coadă")+COUNTIF(Q12,"În coadă")+COUNTIF(U12,"În coadă")+COUNTIF(Y12,"În coadă")>0,"🔵 ÎN COADĂ",IF(F12=1,"✅ FINALIZAT",IF(F12>0,"🔄 IN LUCRU","○ NEINCEPUT"))))) | F12: =IFERROR((COUNTIF(I12,"Finalizat")+COUNTIF(M12,"Finalizat")+COUNTIF(Q12,"Finalizat")+COUNTIF(U12,"Finalizat")+COUNTIF(Y12,"Finalizat"))/(5-COUNTIF(I12,"N/A")-COUNTIF(M12,"N/A")-COUNTIF(Q12,"N/A")-COUNTIF(U12,"N/A")-COUNTIF(Y12,"N/A")),0) | G12: =IF(COUNTIF(I12,"Blocat")+COUNTIF(M12,"Blocat")+COUNTIF(Q12,"Blocat")+COUNTIF(U12,"Blocat")+COUNTIF(Y12,"Blocat")>0,"DA","") | H12: =IF(COUNTIF(I12,"Întârziat")+COUNTIF(M12,"Întârziat")+COUNTIF(Q12,"Întârziat")+COUNTIF(U12,"Întârziat")+COUNTIF(Y12,"Întârziat")>0,"DA","") | I12: Finalizat | M12: N/A | Q12: Finalizat | U12: Finalizat | Y12: Finalizat | AB12: OK
A13: WP1000-08 | B13: 10 | C13: Rezervor metalic (racitor) | D13: 🟢 | E13: =IF(G13="DA","⛔ BLOCAT",IF(H13="DA","⚠ INTARZIAT",IF(COUNTIF(I13,"În coadă")+COUNTIF(M13,"În coadă")+COUNTIF(Q13,"În coadă")+COUNTIF(U13,"În coadă")+COUNTIF(Y13,"În coadă")>0,"🔵 ÎN COADĂ",IF(F13=1,"✅ FINALIZAT",IF(F13>0,"🔄 IN LUCRU","○ NEINCEPUT"))))) | F13: =IFERROR((COUNTIF(I13,"Finalizat")+COUNTIF(M13,"Finalizat")+COUNTIF(Q13,"Finalizat")+COUNTIF(U13,"Finalizat")+COUNTIF(Y13,"Finalizat"))/(5-COUNTIF(I13,"N/A")-COUNTIF(M13,"N/A")-COUNTIF(Q13,"N/A")-COUNTIF(U13,"N/A")-COUNTIF(Y13,"N/A")),0) | G13: =IF(COUNTIF(I13,"Blocat")+COUNTIF(M13,"Blocat")+COUNTIF(Q13,"Blocat")+COUNTIF(U13,"Blocat")+COUNTIF(Y13,"Blocat")>0,"DA","") | H13: =IF(COUNTIF(I13,"Întârziat")+COUNTIF(M13,"Întârziat")+COUNTIF(Q13,"Întârziat")+COUNTIF(U13,"Întârziat")+COUNTIF(Y13,"Întârziat")>0,"DA","") | I13: Finalizat | M13: Finalizat | Q13: Finalizat | U13: Finalizat | Y13: Finalizat | AB13: OK
A14: WP1000-08 | B14: 11 | C14: Barbutoare | D14: 🟢 | E14: =IF(G14="DA","⛔ BLOCAT",IF(H14="DA","⚠ INTARZIAT",IF(COUNTIF(I14,"În coadă")+COUNTIF(M14,"În coadă")+COUNTIF(Q14,"În coadă")+COUNTIF(U14,"În coadă")+COUNTIF(Y14,"În coadă")>0,"🔵 ÎN COADĂ",IF(F14=1,"✅ FINALIZAT",IF(F14>0,"🔄 IN LUCRU","○ NEINCEPUT"))))) | F14: =IFERROR((COUNTIF(I14,"Finalizat")+COUNTIF(M14,"Finalizat")+COUNTIF(Q14,"Finalizat")+COUNTIF(U14,"Finalizat")+COUNTIF(Y14,"Finalizat"))/(5-COUNTIF(I14,"N/A")-COUNTIF(M14,"N/A")-COUNTIF(Q14,"N/A")-COUNTIF(U14,"N/A")-COUNTIF(Y14,"N/A")),0) | G14: =IF(COUNTIF(I14,"Blocat")+COUNTIF(M14,"Blocat")+COUNTIF(Q14,"Blocat")+COUNTIF(U14,"Blocat")+COUNTIF(Y14,"Blocat")>0,"DA","") | H14: =IF(COUNTIF(I14,"Întârziat")+COUNTIF(M14,"Întârziat")+COUNTIF(Q14,"Întârziat")+COUNTIF(U14,"Întârziat")+COUNTIF(Y14,"Întârziat")>0,"DA","") | I14: Finalizat | M14: N/A | Q14: Finalizat | U14: Finalizat | Y14: Finalizat | AB14: OK
A15: WP1000-08 | B15: 12 | C15: Filtre | D15: 🟢 | E15: =IF(G15="DA","⛔ BLOCAT",IF(H15="DA","⚠ INTARZIAT",IF(COUNTIF(I15,"În coadă")+COUNTIF(M15,"În coadă")+COUNTIF(Q15,"În coadă")+COUNTIF(U15,"În coadă")+COUNTIF(Y15,"În coadă")>0,"🔵 ÎN COADĂ",IF(F15=1,"✅ FINALIZAT",IF(F15>0,"🔄 IN LUCRU","○ NEINCEPUT"))))) | F15: =IFERROR((COUNTIF(I15,"Finalizat")+COUNTIF(M15,"Finalizat")+COUNTIF(Q15,"Finalizat")+COUNTIF(U15,"Finalizat")+COUNTIF(Y15,"Finalizat"))/(5-COUNTIF(I15,"N/A")-COUNTIF(M15,"N/A")-COUNTIF(Q15,"N/A")-COUNTIF(U15,"N/A")-COUNTIF(Y15,"N/A")),0) | G15: =IF(COUNTIF(I15,"Blocat")+COUNTIF(M15,"Blocat")+COUNTIF(Q15,"Blocat")+COUNTIF(U15,"Blocat")+COUNTIF(Y15,"Blocat")>0,"DA","") | H15: =IF(COUNTIF(I15,"Întârziat")+COUNTIF(M15,"Întârziat")+COUNTIF(Q15,"Întârziat")+COUNTIF(U15,"Întârziat")+COUNTIF(Y15,"Întârziat")>0,"DA","") | I15: Finalizat | M15: N/A | Q15: Finalizat | U15: Finalizat | Y15: Finalizat | AB15: OK
... A49: WP1000-10 | B49: 8 | C49: Filtru Gudroane | D49: 🔴 | E49: =IF(G49="DA","⛔ BLOCAT",IF(H49="DA","⚠ INTARZIAT",IF(COUNTIF(I49,"În coadă")+COUNTIF(M49,"În coadă")+COUNTIF(Q49,"În coadă")+COUNTIF(U49,"În coadă")+COUNTIF(Y49,"În coadă")>0,"🔵 ÎN COADĂ",IF(F49=1,"✅ FINALIZAT",IF(F49>0,"🔄 IN LUCRU","○ NEINCEPUT"))))) | F49: =IFERROR((COUNTIF(I49,"Finalizat")+COUNTIF(M49,"Finalizat")+COUNTIF(Q49,"Finalizat")+COUNTIF(U49,"Finalizat")+COUNTIF(Y49,"Finalizat"))/(5-COUNTIF(I49,"N/A")-COUNTIF(M49,"N/A")-COUNTIF(Q49,"N/A")-COUNTIF(U49,"N/A")-COUNTIF(Y49,"N/A")),0) | G49: =IF(COUNTIF(I49,"Blocat")+COUNTIF(M49,"Blocat")+COUNTIF(Q49,"Blocat")+COUNTIF(U49,"Blocat")+COUNTIF(Y49,"Blocat")>0,"DA","") | H49: =IF(COUNTIF(I49,"Întârziat")+COUNTIF(M49,"Întârziat")+COUNTIF(Q49,"Întârziat")+COUNTIF(U49,"Întârziat")+COUNTIF(Y49,"Întârziat")>0,"DA","") | I49: Finalizat | M49: Finalizat | Q49: Finalizat | U49: Finalizat | Y49: Finalizat | AB49: OK
A50: WP1000-10 | B50: 9 | C50: Ventori scrubber | D50: 🔴 | E50: =IF(G50="DA","⛔ BLOCAT",IF(H50="DA","⚠ INTARZIAT",IF(COUNTIF(I50,"În coadă")+COUNTIF(M50,"În coadă")+COUNTIF(Q50,"În coadă")+COUNTIF(U50,"În coadă")+COUNTIF(Y50,"În coadă")>0,"🔵 ÎN COADĂ",IF(F50=1,"✅ FINALIZAT",IF(F50>0,"🔄 IN LUCRU","○ NEINCEPUT"))))) | F50: =IFERROR((COUNTIF(I50,"Finalizat")+COUNTIF(M50,"Finalizat")+COUNTIF(Q50,"Finalizat")+COUNTIF(U50,"Finalizat")+COUNTIF(Y50,"Finalizat"))/(5-COUNTIF(I50,"N/A")-COUNTIF(M50,"N/A")-COUNTIF(Q50,"N/A")-COUNTIF(U50,"N/A")-COUNTIF(Y50,"N/A")),0) | G50: =IF(COUNTIF(I50,"Blocat")+COUNTIF(M50,"Blocat")+COUNTIF(Q50,"Blocat")+COUNTIF(U50,"Blocat")+COUNTIF(Y50,"Blocat")>0,"DA","") | H50: =IF(COUNTIF(I50,"Întârziat")+COUNTIF(M50,"Întârziat")+COUNTIF(Q50,"Întârziat")+COUNTIF(U50,"Întârziat")+COUNTIF(Y50,"Întârziat")>0,"DA","") | I50: Finalizat | M50: N/A | Q50: Blocat | U50: Neînceput | Y50: Neînceput | AB50: BLOCAT – discutie tehnica necesara | AC50: Dupa: Reactor superior (SA#5)
A51: WP1000-10 | B51: 10 | C51: Rezervor metalic (racitor) | D51: 🔴 | E51: =IF(G51="DA","⛔ BLOCAT",IF(H51="DA","⚠ INTARZIAT",IF(COUNTIF(I51,"În coadă")+COUNTIF(M51,"În coadă")+COUNTIF(Q51,"În coadă")+COUNTIF(U51,"În coadă")+COUNTIF(Y51,"În coadă")>0,"🔵 ÎN COADĂ",IF(F51=1,"✅ FINALIZAT",IF(F51>0,"🔄 IN LUCRU","○ NEINCEPUT"))))) | F51: =IFERROR((COUNTIF(I51,"Finalizat")+COUNTIF(M51,"Finalizat")+COUNTIF(Q51,"Finalizat")+COUNTIF(U51,"Finalizat")+COUNTIF(Y51,"Finalizat"))/(5-COUNTIF(I51,"N/A")-COUNTIF(M51,"N/A")-COUNTIF(Q51,"N/A")-COUNTIF(U51,"N/A")-COUNTIF(Y51,"N/A")),0) | G51: =IF(COUNTIF(I51,"Blocat")+COUNTIF(M51,"Blocat")+COUNTIF(Q51,"Blocat")+COUNTIF(U51,"Blocat")+COUNTIF(Y51,"Blocat")>0,"DA","") | H51: =IF(COUNTIF(I51,"Întârziat")+COUNTIF(M51,"Întârziat")+COUNTIF(Q51,"Întârziat")+COUNTIF(U51,"Întârziat")+COUNTIF(Y51,"Întârziat")>0,"DA","") | I51: Finalizat | M51: Finalizat | Q51: Finalizat | U51: Blocat | Y51: Neînceput | AB51: LIPSA componente – asteptam aprovizionare | AC51: Dupa: Structura metalica (SA#1)
A52: WP1000-10 | B52: 11 | C52: Barbutoare | D52: 🔴 | E52: =IF(G52="DA","⛔ BLOCAT",IF(H52="DA","⚠ INTARZIAT",IF(COUNTIF(I52,"În coadă")+COUNTIF(M52,"În coadă")+COUNTIF(Q52,"În coadă")+COUNTIF(U52,"În coadă")+COUNTIF(Y52,"În coadă")>0,"🔵 ÎN COADĂ",IF(F52=1,"✅ FINALIZAT",IF(F52>0,"🔄 IN LUCRU","○ NEINCEPUT"))))) | F52: =IFERROR((COUNTIF(I52,"Finalizat")+COUNTIF(M52,"Finalizat")+COUNTIF(Q52,"Finalizat")+COUNTIF(U52,"Finalizat")+COUNTIF(Y52,"Finalizat"))/(5-COUNTIF(I52,"N/A")-COUNTIF(M52,"N/A")-COUNTIF(Q52,"N/A")-COUNTIF(U52,"N/A")-COUNTIF(Y52,"N/A")),0) | G52: =IF(COUNTIF(I52,"Blocat")+COUNTIF(M52,"Blocat")+COUNTIF(Q52,"Blocat")+COUNTIF(U52,"Blocat")+COUNTIF(Y52,"Blocat")>0,"DA","") | H52: =IF(COUNTIF(I52,"Întârziat")+COUNTIF(M52,"Întârziat")+COUNTIF(Q52,"Întârziat")+COUNTIF(U52,"Întârziat")+COUNTIF(Y52,"Întârziat")>0,"DA","") | I52: Finalizat | M52: N/A | Q52: Finalizat | U52: Finalizat | Y52: În lucru | AB52: OK – la vopsit
A53: WP1000-10 | B53: 12 | C53: Filtre | D53: 🔴 | E53: =IF(G53="DA","⛔ BLOCAT",IF(H53="DA","⚠ INTARZIAT",IF(COUNTIF(I53,"În coadă")+COUNTIF(M53,"În coadă")+COUNTIF(Q53,"În coadă")+COUNTIF(U53,"În coadă")+COUNTIF(Y53,"În coadă")>0,"🔵 ÎN COADĂ",IF(F53=1,"✅ FINALIZAT",IF(F53>0,"🔄 IN LUCRU","○ NEINCEPUT"))))) | F53: =IFERROR((COUNTIF(I53,"Finalizat")+COUNTIF(M53,"Finalizat")+COUNTIF(Q53,"Finalizat")+COUNTIF(U53,"Finalizat")+COUNTIF(Y53,"Finalizat"))/(5-COUNTIF(I53,"N/A")-COUNTIF(M53,"N/A")-COUNTIF(Q53,"N/A")-COUNTIF(U53,"N/A")-COUNTIF(Y53,"N/A")),0) | G53: =IF(COUNTIF(I53,"Blocat")+COUNTIF(M53,"Blocat")+COUNTIF(Q53,"Blocat")+COUNTIF(U53,"Blocat")+COUNTIF(Y53,"Blocat")>0,"DA","") | H53: =IF(COUNTIF(I53,"Întârziat")+COUNTIF(M53,"Întârziat")+COUNTIF(Q53,"Întârziat")+COUNTIF(U53,"Întârziat")+COUNTIF(Y53,"Întârziat")>0,"DA","") | I53: Finalizat | M53: N/A | Q53: Finalizat | U53: Finalizat | Y53: În lucru | AB53: OK – la vopsit
A54: WP1000-10 | B54: 13 | C54: Sistem de tevi | D54: 🔴 | E54: =IF(G54="DA","⛔ BLOCAT",IF(H54="DA","⚠ INTARZIAT",IF(COUNTIF(I54,"În coadă")+COUNTIF(M54,"În coadă")+COUNTIF(Q54,"În coadă")+COUNTIF(U54,"În coadă")+COUNTIF(Y54,"În coadă")>0,"🔵 ÎN COADĂ",IF(F54=1,"✅ FINALIZAT",IF(F54>0,"🔄 IN LUCRU","○ NEINCEPUT"))))) | F54: =IFERROR((COUNTIF(I54,"Finalizat")+COUNTIF(M54,"Finalizat")+COUNTIF(Q54,"Finalizat")+COUNTIF(U54,"Finalizat")+COUNTIF(Y54,"Finalizat"))/(5-COUNTIF(I54,"N/A")-COUNTIF(M54,"N/A")-COUNTIF(Q54,"N/A")-COUNTIF(U54,"N/A")-COUNTIF(Y54,"N/A")),0) | G54: =IF(COUNTIF(I54,"Blocat")+COUNTIF(M54,"Blocat")+COUNTIF(Q54,"Blocat")+COUNTIF(U54,"Blocat")+COUNTIF(Y54,"Blocat")>0,"DA","") | H54: =IF(COUNTIF(I54,"Întârziat")+COUNTIF(M54,"Întârziat")+COUNTIF(Q54,"Întârziat")+COUNTIF(U54,"Întârziat")+COUNTIF(Y54,"Întârziat")>0,"DA","") | I54: Finalizat | M54: N/A | Q54: Finalizat | U54: Blocat | Y54: N/A | AB54: BLOCAT – lipsa teava pompa de vid
A55: WP1000-10 | B55: 14 | C55: Snec reactor superior | D55: 🔴 | E55: =IF(G55="DA","⛔ BLOCAT",IF(H55="DA","⚠ INTARZIAT",IF(COUNTIF(I55,"În coadă")+COUNTIF(M55,"În coadă")+COUNTIF(Q55,"În coadă")+COUNTIF(U55,"În coadă")+COUNTIF(Y55,"În coadă")>0,"🔵 ÎN COADĂ",IF(F55=1,"✅ FINALIZAT",IF(F55>0,"🔄 IN LUCRU","○ NEINCEPUT"))))) | F55: =IFERROR((COUNTIF(I55,"Finalizat")+COUNTIF(M55,"Finalizat")+COUNTIF(Q55,"Finalizat")+COUNTIF(U55,"Finalizat")+COUNTIF(Y55,"Finalizat"))/(5-COUNTIF(I55,"N/A")-COUNTIF(M55,"N/A")-COUNTIF(Q55,"N/A")-COUNTIF(U55,"N/A")-COUNTIF(Y55,"N/A")),0) | G55: =IF(COUNTIF(I55,"Blocat")+COUNTIF(M55,"Blocat")+COUNTIF(Q55,"Blocat")+COUNTIF(U55,"Blocat")+COUNTIF(Y55,"Blocat")>0,"DA","") | H55: =IF(COUNTIF(I55,"Întârziat")+COUNTIF(M55,"Întârziat")+COUNTIF(Q55,"Întârziat")+COUNTIF(U55,"Întârziat")+COUNTIF(Y55,"Întârziat")>0,"DA","") | I55: Finalizat | M55: N/A | Q55: Finalizat | U55: Finalizat | Y55: În lucru | AB55: OK – la vopsit
A56: WP1000-10 | B56: 15 | C56: Snec reactor inferior | D56: 🔴 | E56: =IF(G56="DA","⛔ BLOCAT",IF(H56="DA","⚠ INTARZIAT",IF(COUNTIF(I56,"În coadă")+COUNTIF(M56,"În coadă")+COUNTIF(Q56,"În coadă")+COUNTIF(U56,"În coadă")+COUNTIF(Y56,"În coadă")>0,"🔵 ÎN COADĂ",IF(F56=1,"✅ FINALIZAT",IF(F56>0,"🔄 IN LUCRU","○ NEINCEPUT"))))) | F56: =IFERROR((COUNTIF(I56,"Finalizat")+COUNTIF(M56,"Finalizat")+COUNTIF(Q56,"Finalizat")+COUNTIF(U56,"Finalizat")+COUNTIF(Y56,"Finalizat"))/(5-COUNTIF(I56,"N/A")-COUNTIF(M56,"N/A")-COUNTIF(Q56,"N/A")-COUNTIF(U56,"N/A")-COUNTIF(Y56,"N/A")),0) | G56: =IF(COUNTIF(I56,"Blocat")+COUNTIF(M56,"Blocat")+COUNTIF(Q56,"Blocat")+COUNTIF(U56,"Blocat")+COUNTIF(Y56,"Blocat")>0,"DA","") | H56: =IF(COUNTIF(I56,"Întârziat")+COUNTIF(M56,"Întârziat")+COUNTIF(Q56,"Întârziat")+COUNTIF(U56,"Întârziat")+COUNTIF(Y56,"Întârziat")>0,"DA","") | I56: Finalizat | M56: N/A | Q56: Finalizat | U56: Finalizat | Y56: În lucru | AB56: OK – la vopsit
A57: WP1000-10 | B57: 16 | C57: Snec compactor intrare | D57: 🔴 | E57: =IF(G57="DA","⛔ BLOCAT",IF(H57="DA","⚠ INTARZIAT",IF(COUNTIF(I57,"În coadă")+COUNTIF(M57,"În coadă")+COUNTIF(Q57,"În coadă")+COUNTIF(U57,"În coadă")+COUNTIF(Y57,"În coadă")>0,"🔵 ÎN COADĂ",IF(F57=1,"✅ FINALIZAT",IF(F57>0,"🔄 IN LUCRU","○ NEINCEPUT"))))) | F57: =IFERROR((COUNTIF(I57,"Finalizat")+COUNTIF(M57,"Finalizat")+COUNTIF(Q57,"Finalizat")+COUNTIF(U57,"Finalizat")+COUNTIF(Y57,"Finalizat"))/(5-COUNTIF(I57,"N/A")-COUNTIF(M57,"N/A")-COUNTIF(Q57,"N/A")-COUNTIF(U57,"N/A")-COUNTIF(Y57,"N/A")),0) | G57: =IF(COUNTIF(I57,"Blocat")+COUNTIF(M57,"Blocat")+COUNTIF(Q57,"Blocat")+COUNTIF(U57,"Blocat")+COUNTIF(Y57,"Blocat")>0,"DA","") | H57: =IF(COUNTIF(I57,"Întârziat")+COUNTIF(M57,"Întârziat")+COUNTIF(Q57,"Întârziat")+COUNTIF(U57,"Întârziat")+COUNTIF(Y57,"Întârziat")>0,"DA","") | I57: Finalizat | M57: N/A | Q57: Finalizat | U57: Finalizat | Y57: În lucru | AB57: OK – la vopsit
A58: WP1000-10 | B58: 17 | C58: Snec compactor iesire | D58: 🔴 | E58: =IF(G58="DA","⛔ BLOCAT",IF(H58="DA","⚠ INTARZIAT",IF(COUNTIF(I58,"În coadă")+COUNTIF(M58,"În coadă")+COUNTIF(Q58,"În coadă")+COUNTIF(U58,"În coadă")+COUNTIF(Y58,"În coadă")>0,"🔵 ÎN COADĂ",IF(F58=1,"✅ FINALIZAT",IF(F58>0,"🔄 IN LUCRU","○ NEINCEPUT"))))) | F58: =IFERROR((COUNTIF(I58,"Finalizat")+COUNTIF(M58,"Finalizat")+COUNTIF(Q58,"Finalizat")+COUNTIF(U58,"Finalizat")+COUNTIF(Y58,"Finalizat"))/(5-COUNTIF(I58,"N/A")-COUNTIF(M58,"N/A")-COUNTIF(Q58,"N/A")-COUNTIF(U58,"N/A")-COUNTIF(Y58,"N/A")),0) | G58: =IF(COUNTIF(I58,"Blocat")+COUNTIF(M58,"Blocat")+COUNTIF(Q58,"Blocat")+COUNTIF(U58,"Blocat")+COUNTIF(Y58,"Blocat")>0,"DA","") | H58: =IF(COUNTIF(I58,"Întârziat")+COUNTIF(M58,"Întârziat")+COUNTIF(Q58,"Întârziat")+COUNTIF(U58,"Întârziat")+COUNTIF(Y58,"Întârziat")>0,"DA","") | I58: Finalizat | M58: N/A | Q58: Finalizat | U58: Finalizat | Y58: În lucru | AB58: OK – la vopsit
A59: WP1000-10 | B59: 18 | C59: Presetupe | D59: 🔴 | E59: =IF(G59="DA","⛔ BLOCAT",IF(H59="DA","⚠ INTARZIAT",IF(COUNTIF(I59,"În coadă")+COUNTIF(M59,"În coadă")+COUNTIF(Q59,"În coadă")+COUNTIF(U59,"În coadă")+COUNTIF(Y59,"În coadă")>0,"🔵 ÎN COADĂ",IF(F59=1,"✅ FINALIZAT",IF(F59>0,"🔄 IN LUCRU","○ NEINCEPUT"))))) | F59: =IFERROR((COUNTIF(I59,"Finalizat")+COUNTIF(M59,"Finalizat")+COUNTIF(Q59,"Finalizat")+COUNTIF(U59,"Finalizat")+COUNTIF(Y59,"Finalizat"))/(5-COUNTIF(I59,"N/A")-COUNTIF(M59,"N/A")-COUNTIF(Q59,"N/A")-COUNTIF(U59,"N/A")-COUNTIF(Y59,"N/A")),0) | G59: =IF(COUNTIF(I59,"Blocat")+COUNTIF(M59,"Blocat")+COUNTIF(Q59,"Blocat")+COUNTIF(U59,"Blocat")+COUNTIF(Y59,"Blocat")>0,"DA","") | H59: =IF(COUNTIF(I59,"Întârziat")+COUNTIF(M59,"Întârziat")+COUNTIF(Q59,"Întârziat")+COUNTIF(U59,"Întârziat")+COUNTIF(Y59,"Întârziat")>0,"DA","") | I59: Finalizat | M59: N/A | Q59: Finalizat | U59: Finalizat | Y59: În lucru | AB59: OK – la vopsit
A60: WP1000-10 | B60: 19 | C60: Turn de racire | D60: 🔴 | E60: =IF(G60="DA","⛔ BLOCAT",IF(H60="DA","⚠ INTARZIAT",IF(COUNTIF(I60,"În coadă")+COUNTIF(M60,"În coadă")+COUNTIF(Q60,"În coadă")+COUNTIF(U60,"În coadă")+COUNTIF(Y60,"În coadă")>0,"🔵 ÎN COADĂ",IF(F60=1,"✅ FINALIZAT",IF(F60>0,"🔄 IN LUCRU","○ NEINCEPUT"))))) | F60: =IFERROR((COUNTIF(I60,"Finalizat")+COUNTIF(M60,"Finalizat")+COUNTIF(Q60,"Finalizat")+COUNTIF(U60,"Finalizat")+COUNTIF(Y60,"Finalizat"))/(5-COUNTIF(I60,"N/A")-COUNTIF(M60,"N/A")-COUNTIF(Q60,"N/A")-COUNTIF(U60,"N/A")-COUNTIF(Y60,"N/A")),0) | G60: =IF(COUNTIF(I60,"Blocat")+COUNTIF(M60,"Blocat")+COUNTIF(Q60,"Blocat")+COUNTIF(U60,"Blocat")+COUNTIF(Y60,"Blocat")>0,"DA","") | H60: =IF(COUNTIF(I60,"Întârziat")+COUNTIF(M60,"Întârziat")+COUNTIF(Q60,"Întârziat")+COUNTIF(U60,"Întârziat")+COUNTIF(Y60,"Întârziat")>0,"DA","") | I60: Finalizat | M60: Finalizat | Q60: Finalizat | U60: În lucru | Y60: Neînceput | AB60: In lucru – asamblare | AC60: Dupa: Filtru Gudroane (SA#8)

Sheet BLOCAJE
A1: ⛔ REGISTRU BLOCAJE — WASTE POWERTECH
A2: Orice blocare a fluxului de producție se înregistrează IMEDIAT. Fiecare blocare generează un PDCA.
A3: ID BLOCARE | B3: DATA DESCHIDERE | C3: PROIECT | D3: SUBANSAMBLU | E3: DEPARTAMENT | F3: DESCRIERE BLOCAJ | G3: RESPONSABIL | H3: IMPACT | I3: STATUS | J3: DATA REZOLVARE | K3: ZILE DESCHIS | L3: OBSERVATII
A4: BLK-001 | B4: 45775 | C4: WP1000-10 | D4: Ventori scrubber | E4: SUDAT | F4: Discutie tehnica: configuratie neconfirmata cu proiectantul | G4: Andrei Marin | H4: INALT | I4: Deschis | K4: =IF(J4="",TODAY()-B4,J4-B4) | L4: Sudat blocat complet pe aceasta piesa
A5: BLK-002 | B5: 45777 | C5: WP1000-10 | D5: Rezervor metalic (racitor) | E5: ASAMBLAT | F5: Lipsa componente de aprovizionat – fitinguri speciale | G5: Ion Popescu | H5: CRITIC | I5: Deschis | K5: =IF(J5="",TODAY()-B5,J5-B5) | L5: Blocheaza montajul final
A6: BLK-003 | B6: 45779 | C6: WP1000-10 | D6: Sistem de tevi | E6: ASAMBLAT | F6: Lipsa teava pompa de vid – comanda in curs | G6: Maria Ionescu | H6: MEDIU | I6: Deschis | K6: =IF(J6="",TODAY()-B6,J6-B6) | L6: ETA livrare: 5 zile
A7: BLK-004 | B7: 45762 | C7: WP1000-09 | D7: Ventori scrubber | E7: FINALIZAT | F7: Discutie rezolvata – configuratie confirmata | G7: Ion Popescu | H7: MEDIU | I7: Rezolvat | J7: 45767 | K7: =IF(J7="",TODAY()-B7,J7-B7) | L7: Rezolvat in 5 zile

Sheet PDCA
A1: ◆ PDCA — HOSHIN KANRI ACTION TRACKER | WASTE POWERTECH
A2: ◆ PLAN | E2: ◆ DO | H2: ◆ CHECK | J2: ◆ ACT
A3: ID PDCA | B3: SURSA | C3: DATA DESCHIS | D3: PROIECT | E3: PROBLEMA (Plan) | F3: CONTRAMASURA (Do) | G3: RESPONSABIL | H3: TERMEN | I3: STATUS | J3: REZULTAT (Check) | K3: ACTIUNE URMATOARE (Act) | L3: PRIORITATE | M3: ZILE RAMAS
A4: PDCA-001 | B4: BLK-001 | C4: 45775 | D4: WP1000-10 | E4: Configuratie scrubber nevalidata – risc blocare sudura | F4: Convocare sedinta tehnica urgenta cu proiectant si sef sudura | G4: Andrei Marin | H4: 45791 | I4: Deschis | L4: INALT | M4: =IF(I4="Inchis","✅ INCHIS",IF(H4<TODAY(),"⛔ DEPASIT",H4-TODAY()&" zile"))
A5: PDCA-002 | B5: BLK-002 | C5: 45777 | D5: WP1000-10 | E5: Componente lipsa blocheaza asamblarea racitorului | F5: Aprovizionare urgenta; verificare stoc intern si furnizori alternativi | G5: Ion Popescu | H5: 45789 | I5: Deschis | L5: CRITIC | M5: =IF(I5="Inchis","✅ INCHIS",IF(H5<TODAY(),"⛔ DEPASIT",H5-TODAY()&" zile"))
A6: PDCA-003 | B6: BLK-003 | C6: 45779 | D6: WP1000-10 | E6: Teava pompa de vid lipsa – blocheaza asamblarea | F6: Comanda plasata; confirmare ETA cu furnizor; plan alternativ | G6: Maria Ionescu | H6: 45793 | I6: Deschis | L6: MEDIU | M6: =IF(I6="Inchis","✅ INCHIS",IF(H6<TODAY(),"⛔ DEPASIT",H6-TODAY()&" zile"))
A7: PDCA-004 | B7: OBS-01 | C7: 45769 | D7: WP1000-10 | E7: 7 subansambluri la vopsit simultan – risc suprasolicitare dept | F7: Planificare secventiala vopsit; prioritizare dupa WP10 livr. target | G7: Andrei Marin | H7: 45797 | I7: In analiza | L7: MEDIU | M7: =IF(I7="Inchis","✅ INCHIS",IF(H7<TODAY(),"⛔ DEPASIT",H7-TODAY()&" zile"))
A8: PDCA-005 | B8: KPI-W17 | C8: 45772 | D8: TOATE | E8: Lead time laser crescut cu 20% saptamana 17 | F8: Analiza cauze; verificare intretinere echipament laser; revizuire planificare | G8: Ion Popescu | H8: 45795 | I8: Deschis | L8: SCAZUT | M8: =IF(I8="Inchis","✅ INCHIS",IF(H8<TODAY(),"⛔ DEPASIT",H8-TODAY()&" zile"))

Sheet FLUX ZILNIC
A1: 🔄 FLUX ZILNIC DE PRODUCȚIE — LOG OPERAȚIONAL
A3: DATA | B3: PROIECT | C3: SUBANSAMBLU | D3: DEPT ORIGINE | E3: DEPT DESTINATIE | F3: ECHIPA | G3: VALIDAT DE | H3: ORA | I3: OBSERVATII
A4: 45783 | B4: WP1000-10 | C4: Barbutoare | D4: SUDAT | E4: ASAMBLAT | F4: Echipa Sudat A | G4: Mihai Lungu | I4: Predare OK
A5: 45783 | B5: WP1000-10 | C5: Filtre | D5: SUDAT | E5: ASAMBLAT | F5: Echipa Sudat A | G5: Mihai Lungu | I5: Predare OK
A6: 45784 | B6: WP1000-10 | C6: Snec reactor superior | D6: ASAMBLAT | E6: VOPSIT | F6: Echipa Asamblare | G6: Radu Dinu | I6: Finalizat asamblare
A7: 45784 | B7: WP1000-10 | C7: Snec reactor inferior | D7: ASAMBLAT | E7: VOPSIT | F7: Echipa Asamblare | G7: Radu Dinu | I7: Finalizat asamblare
A8: 45785 | B8: WP1000-09 | C8: Turn de racire | D8: ROLAT | E8: SUDAT | F8: Echipa Rolat | G8: Vasile Pop | I8: Rolat complet
A9: 45785 | B9: WP1000-10 | C9: Presetupe | D9: ASAMBLAT | E9: VOPSIT | F9: Echipa Asamblare | G9: Radu Dinu | I9: Finalizat asamblare
A10: 45786 | B10: WP1000-10 | C10: Turn de racire | D10: SUDAT | E10: ASAMBLAT | F10: Echipa Sudat B | G10: Gelu Soare | I10: Sudura finalizata
A11: 45786 | B11: WP1000-10 | C11: Snec compactor intrare | D11: ASAMBLAT | E11: VOPSIT | F11: Echipa Asamblare | G11: Radu Dinu | I11: Finalizat
A12: 45786 | B12: WP1000-10 | C12: Snec compactor iesire | D12: ASAMBLAT | E12: VOPSIT | F12: Echipa Asamblare | G12: Radu Dinu | I12: Finalizat

Sheet KPI ECHIPE
A1: 📊 KPI ECHIPE DE PRODUCȚIE — WASTE POWERTECH
A2: Completat de: Șef de producție | Frecvență: Săptămânal (Luni dimineața) | Review: Ședința operațională lunară
A3: SĂPTĂMÂNA | B3: ECHIPĂ / DEPT | C3: SA INTRARE | D3: SA IEȘIRE | E3: SA BLOCATE | F3: SA ÎNTÂRZIATE | G3: EFICIENȚĂ % | H3: LEAD TIME MED (ore) | I3: CALITATE OK % | J3: OBSERVATII
A4: S-17 (Apr 28) | B4: LASER | C4: 8 | D4: 7 | E4: 0 | F4: 0 | G4: 0.87 | H4: 14 | I4: 0.96
A5: S-17 (Apr 28) | B5: ROLAT | C5: 4 | D5: 4 | E5: 0 | F5: 0 | G5: 1 | H5: 18 | I5: 1
A6: S-17 (Apr 28) | B6: SUDAT | C6: 7 | D6: 5 | E6: 2 | F6: 0 | G6: 0.71 | H6: 24 | I6: 0.88
A7: S-17 (Apr 28) | B7: ASAMBLAT | C7: 6 | D7: 5 | E7: 1 | F7: 0 | G7: 0.83 | H7: 16 | I7: 0.95
A8: S-17 (Apr 28) | B8: VOPSIT | C8: 5 | D8: 5 | E8: 0 | F8: 0 | G8: 1 | H8: 20 | I8: 0.97
A10: S-18 (Mai 5) | B10: LASER | C10: 9 | D10: 9 | E10: 0 | F10: 0 | G10: 1 | H10: 12 | I10: 0.98
A11: S-18 (Mai 5) | B11: ROLAT | C11: 3 | D11: 3 | E11: 0 | F11: 0 | G11: 1 | H11: 20 | I11: 1
A12: S-18 (Mai 5) | B12: SUDAT | C12: 8 | D12: 6 | E12: 1 | F12: 0 | G12: 0.75 | H12: 22 | I12: 0.9
A13: S-18 (Mai 5) | B13: ASAMBLAT | C13: 7 | D13: 6 | E13: 1 | F13: 0 | G13: 0.86 | H13: 15 | I13: 0.96
A14: S-18 (Mai 5) | B14: VOPSIT | C14: 6 | D14: 6 | E14: 0 | F14: 0 | G14: 1 | H14: 18 | I14: 0.98
A16: S-19 (Mai 12) | B16: LASER | C16: 10 | D16: 8 | E16: 0 | F16: 0 | G16: 0.8 | H16: 13 | I16: 0.97
A17: S-19 (Mai 12) | B17: ROLAT | C17: 2 | D17: 2 | E17: 0 | F17: 0 | G17: 1 | H17: 17 | I17: 1
... A26: S-20 (Mai 19) | B26: VOPSIT | C26: 0 | D26: 0 | E26: 0 | F26: 0 | G26: 0 | H26: 0 | I26: 0

Sheet PROIECTE
A1: ◆ REGISTRU PROIECTE — WASTE POWERTECH
A3: ID PROIECT | B3: CLIENT | C3: RESPONSABIL | D3: PRIORITATE | E3: DATA START | F3: DATA TARGET | G3: SUBANSAMBLURI TOTALE | H3: SUBANSAMBLURI FINALIZATE | I3: % PROGRES | J3: BLOCAJE ACTIVE | K3: STATUS PROIECT | L3: OBSERVATII
A4: WP1000-08 | B4: Client Alpha | C4: Ion Popescu | D4: 🟢 NORMAL | E4: 45306 | F4: 45504 | G4: 82 | H4: 82 | I4: 1 | J4: 0 | K4: ✅ LIVRAT
A5: WP1000-09 | B5: Client Beta | C5: Maria Ionescu | D5: 🟡 RIDICAT | E5: 45383 | F5: 45626 | G5: 82 | H5: 80 | I5: 0.97560976 | J5: 0 | K5: 🟡 IN LIVRARE
A6: WP1000-10 | B6: Client Gamma | C6: Andrei Marin | D6: 🔴 CRITIC | E6: 45458 | F6: 45747 | G6: 82 | H6: 67 | I6: 0.81707317 | J6: 3 | K6: ⛔ BLOCAJE ACTIVE

Sheet GHID WHITEBOARD
A1: ◆ GHID SISTEM WHITEBOARD VIZUAL — WASTE POWERTECH
A3: ▸ STRUCTURA WHITEBOARD FIZIC
A4: ZONA 1 - HEADER | B4: DATA / SAPTAMANA / PROIECTE ACTIVE / ZILE PANA LA LIVRARE
A5: ZONA 2 - KANBAN FLUX | B5: COLOANE: Backlog | LASER | ROLAT | SUDAT | ASAMBLAT | VOPSIT | LIVRAT
A6: ZONA 3 - BLOCAJE | B6: Cartonase rosii LIPITE PE BOARD pentru fiecare blocare activa
A7: ZONA 4 - KPI ZILNIC | B7: Eficienta flux | Lead time ieri | SA finalizate ieri | SA blocate total
A8: ZONA 5 - PDCA | B8: Actiunile deschise + termenul + proprietarul — scrise cu marker
A9: ▸ CODUL DE CULORI AL MAGNETILOR / CARTONASELOR
A10: MAGNET VERDE ✅ | B10: Subansamblu FINALIZAT in departamentul respectiv
A11: MAGNET GALBEN 🟡 | B11: Subansamblu IN LUCRU — in curs de executie
A12: MAGNET ROSU ⛔ | B12: Subansamblu BLOCAT — necesita interventie imediata
A13: MAGNET PORTOCALIU ⚠ | B13: Subansamblu INTARZIAT — depasit termenul planificat
A14: CARTONAS ALB ○ | B14: Subansamblu NEINCEPUT — in asteptare / backlog
A15: MAGNET ALBASTRU 🔵 | B15: Subansamblu ÎN COADĂ — amânat prin planificare, condiționat de alt SA sau de disponibilitatea echipei. NU este blocare neprevăzută. Se scrie pe cartonaș: 'DUPĂ: [SA condiționant]' + data estimată start.
A16: CARTONAS PORTOCALIU MARE | B16: BLOCAJ ACTIV — scrii: ID + descriere + responsabil + termen
A17: ▸ RITMUL SEDINTEI ZILNICE (15-20 min)
A18: MIN 01-03: CHECK STATUS | B18: Cine este prezent? Ce s-a finalizat ieri? (Validare rapida cu magneti)
A19: MIN 04-08: FLUX REVIEW | B19: Traversare board coloana cu coloana: ce se misca azi? Cine blocheaza?
A20: MIN 09-12: BLOCAJE | B20: Fiecare cartonas rosu = 1 min max. Cine rezolva? Pana cand?
A21: MIN 13-16: PDCA UPDATE | B21: Statusul actiunilor deschise. Se inchid cele rezolvate.
A22: MIN 17-20: DECIZIE / ESCALADARE | B22: Ce escaladeaza azi? Ce se promite pentru maine?
A23: ▸ LOGICA DE ESCALADARE
A24: NIVEL 1 - Sef echipa | B24: Blocaj rezolvabil in <4 ore fara resurse extra
A25: NIVEL 2 - Sef productie | B25: Blocaj >4 ore SAU implica alt departament SAU aprovizionare
A26: NIVEL 3 - Director general | B26: Blocaj >1 zi SAU risc livrare proiect SAU cost suplimentar major
A27: ▸ FRECVENTA REVIEW
A28: ZILNIC (sedinta 08:00) | B28: Update magneti, review blocaje, PDCA activ — 15-20 min
A29: SAPTAMANAL (Luni 08:30) | B29: KPI saptamanal, lead time, eficienta echipe, planificare saptamana
A30: LUNAR (prima zi lucratoare) | B30: Review Hoshin Kanri, inchidere PDCA, analiza tendinte, obiective luna
A31: ▸ INDICATORI CHEIE (KPIs)
A32: FTT - First Time Through | B32: % subansambluri care trec prin flux fara retucare sau blocare
A33: TAKT TIME departament | B33: Nr SA de procesat / ore disponibile departament = ritmul necesar
A34: WIP (Work in Progress) | B34: Nr SA aflate simultan in productie — control la max 3 per dept
A35: LEAD TIME | B35: Timp de la intrare in LASER pana la iesire din VOPSIT per SA
A36: OEE departament | B36: Disponibilitate x Performanta x Calitate — target >85%
